ИНН,Сайт
6455026772,https://marya.com/; https://marya.ru 
6432009756,https://mnogomebeli.com/ 
5049007736,https://www.shatura.com/ 
5257117987,"https://mobi-mebel.ru/
http://mobi-mebel.ru "
3662128110,http://www.angstrem-mebel.ru 
3328006739,https://www.bestmebelshop.ru/ 
7813054206,https://www.1mf.ru/ 
7710001467,https://www.artis21.ru/ 
2636211882,https://era-mebel.com/ 
3254002141,http://mebelgrad.com 
1837016819,https://glazovmebel.ru/ 
5835037881,https://gorizontmebel.ru/ 
5027139619,https://khof.ru/ 
5835114536,https://www.mcstyle.ru/ 
7415004100,https://lorena-kuhni.ru 
7842156989,https://skdesign.ru/ 
7722303222,https://mebel-moskva.ru/ 
7806533705,http://skand-m.ru/ 
7707402966,https://spectrmebel.ru/ 
3305792187,-
5029042443,https://www.moon-trade.ru/ 
5048035314,https://kresla-burokrat.ru/ 
6455026772,https://marya.com/; https://marya.ru 
9718070427,"bortorg.ru
https://bortorg.ru/
http://bortorg.ru/ "
6432009756,https://mnogomebeli.com/ 
5047077270,"www.paksmet.ru
http://www.paksmet.ru "
5834023068,https://www.lerom.ru/ 
5049007736,https://www.shatura.com/ 
4720009491,http://www.skifltd.com/ 
7718541947,https://mebel.taipit.ru/
7720525156,"http://www.chlb.metall-zavod.ru
http://www.omsk.metall-zavod.ru/ "
3305793720,-
7716897377,-
5257117987,"https://mobi-mebel.ru/
http://mobi-mebel.ru "
3662141400,http://kedrcompany.ru 
3662128110,http://www.angstrem-mebel.ru 
5837075339,-
3808197064,https://irk.mebelstyle.ru/ 
3328006739,https://www.bestmebelshop.ru/ 
7604064200,http://utfc.ru 
7327078128,https://www.vmm24.com/ 
7813054206,https://www.1mf.ru/ 
5919005036,"http://www.zmi59.ru
https://zmi59.ru/ "
7710001467,https://www.artis21.ru/ 
2309135529,-
2636211882,https://era-mebel.com/ 
6731032792,https://eurodn-group.ru/ 
5837078019,-
3254002141,http://mebelgrad.com 
5835097418,-
4312146860,"https://mz5.ru/
https://divany-mz5.ru/ "
5320017595,"http://www.bormebel.com/
http://www.bormebel.com "
5837076741,https://mebelony.ru/ 
4027118977,https://sheffilton.com/ 
5835122819,http://btsmebel.ru/ 
1837016819,https://glazovmebel.ru/ 
6215018827,https://fabrikant.su/ 
7452045480,https://ulitkamarket.ru/ 
5258040487,"http://www.nik-mebel.ru
https://nik-mebel.ru/ "
4004019627,-
5835037881,https://gorizontmebel.ru/ 
5262045294,-
5027139619,https://khof.ru/ 
9710024210,-
5050086059,http://www.form-style.eu
6143080950,http://www.vkdp.ru/ 
7810811070,"komfort-p.ru
http://komfort-p.ru "
4401052170,https://ks-rus.ru/ 
5835114536,https://www.mcstyle.ru/ 
4025442752,-
5050046948,-
7811134311,-
7743027051,http://www.8marta.ru 
3123105457,-
5837017665,dialmebel.ru 
5837038217,https://mebel-era.ru/ 
1828011980,https://topol-dt.ru/ 
5257178115,https://grsever.ru/ 
4341014794,http://www.giulianovars.ru 
1326014177,http://www.orimex.ru 
7415004100,https://lorena-kuhni.ru 
5044073333,-
2540197154,-
7804684360,http://zakroma.spb.ru/ 
1830000030,"http://mlk-mebel.ru
http://www.mozhgamebel.ru "
7842156989,https://skdesign.ru/ 
7130029878,https://greengard.su/ 
5008036720,"http://www.inel-display.ru
http://www.inel-display.ru/ "
5751029355,http://www.sanflor.ru 
5835129042,https://mkvvr.ru/ 
6215024891,"http://www.alvest-gk.ru
http://alvest-gk.ru "
6679108252,"http://www.asm-mebel.ru/
http://asm-elegant.ru/ "
7715811377,www.antey-dsp.ru 
1655395785,-
7735098450,http://www.sokol-mebel.ru 
6731001794,https://smolenskmebel.ru/ 
5837060614,-
5410153610,http://mebelrost.ru 
3123328206,https://mebelradom.com/ 
4427003466,https://www.ks-rus.ru/ 
5036039177,https://ilkon-mebel.ru/ 
7722303222,https://mebel-moskva.ru/ 
7718982290,https://torgkomplekt.ru/ 
5835061010,https://online.rostok-mebel.ru/
6658503389,-
9724035886,-
5038076819,-
5803016751,-
5904346925,-
7106013965,https://expro.ru/ 
7733593594,https://1rdc.ru/ 
5905290457,-
5803028531,-
7727306192,https://listvigrus.ru/ 
6685172954,-
6027074498,https://www.dula.de/ 
7734387957,https://unital.ru/ 
5032239190,-
7724443031,-
5405960181,https://www.alensio.ru/ 
7806533705,http://skand-m.ru/ 
9718105415,https://www.theconcept.ru/ru/ 
5837076886,-
5044047911,-
3255514914,https://gratar.ru/ 
4345399320,https://stalprom43.com/ 
7707402966,https://spectrmebel.ru/ 
7719859250,-
6234187443,https://comfur.ru/ 
7730256939,https://www.lepota-rus.ru/ 
3443124988,-
3628018245,https://kedr-f.ru/
2624034780,https://zaman-mebel.ru/ 
4703080448,https://www.salotti.spb.ru/ 
5012044636,https://mato.ru/ 
5032213258,-
7706056030,https://www.virtu.ru/ 
9719059842,"https://evro-market.ru
http://www.evro-market.ru "
7707449040,-
3906173914,"http://www.aqwella.com
http://www.aqwella.ru/ "
5260419988,https://letta.ru/ 
7415002713,https://www.miassmebel.ru/ 
6950173186,https://costamebel.ru/ 
7701930430,https://laserstyle.ru/ 
3323003903,-
6143038571,https://driada-rnd.ru/ 
7716826721,http://www.leonlab.ru  
9705129835,https://fabfas.ru/ 
5074049715,https://mirey.ru/ 
4703004736,http://www.galvanik-spb.ru 
7817003996,http://www.dvkspb.ru 
6234196416,-
7719247232,https://ventalmebel.ru/ 
7017076674,http://fortress-mebel.ru 
7733302598,-
7805722153,-
7722800552,http://www.asbmebel.ru 
2635216380,www.skfm-mebel.ru 
7718900040,https://mafmarket.ru/ 
5836692875,https://disavi-mebel.ru/ 
7720648422,-
7733879709,https://www.formexmebel.ru/
4003037077,https://onika.ru/katalog/
5256040080,-
7610008050,http://svobodarybinsk.ru
5027089380,http://www.w-market.ru
5829003059,-
7723924342,https://www.russian-custom.ru/
0269015490,"www.fmveles.ru
https://fmveles.ru/"
4719016279,http://www.sidak.ru
5263068262,https://lastra-nn.ru/
7723468273,https://spb.ligadivanov.ru/
2372010933,-
7811573950,srpmebel.ru
7717689852,-
3202009322,http://www.profilprom.ru/
5837064792,https://vshkaf.ru/
6950226046,-
2315171109,http://www.kf-kiel.com/index.php
3100002208,-
7724426004,https://lider-mebel.ru/
7806243650,https://www.elbamebel.com/
7203343782,https://www.zarechye.ru/
7813254117,http://www.meltzer.ru
0264066734,https://elit-ko.ru/
2624035086,http://oshn.ru
7720401270,https://titano.ru/
7702848404,http://nortongroup.ru/about/
3904052696,-
5040150989,https://www.anderssen.ru
7805499138,https://www.nextform.ru/
1832120090,-
1645026860,-
7714384980,https://ksystema.ru/
9718082380,https://fortunamebel.site/
7716884089,-
5408018412,https://garti.ru/
6229077967,https://pushe.ru
1324002240,-
7810310677,http://www.slpro-spb.ru
7842452829,"http://sovlab-labmebel.ru
www.sovlab-labmebel.ru"
5038146128,-
5837078611,-
3316018419,http://ag-com.ru/
2462064411,-
7718303759,-
7718057052,www.orgspace.ru
9715312999,https://divanchik.ru/
2635000078,https://mebelgloria.ru/
5321093479,"http://www.bellona.ru.com
http://www.bellona.com.tr/ru"
6727014399,http://mkyartcevo.ru
2539076564,https://vl.expolinedv.ru/
7707712541,-
3527018418,https://s-prom35.ru/
9715286259,http://www.alavann.ru
1830000383,https://redstar-udm.ru/
6449095506,https://frendom.ru/
7706425858,https://fabrikamvk.ru/
7714119163,https://mebelinfo.ru/
5053004833,http://www.debut-mebel.ru
5751056013,-
5038039905,"http://trsm.ru/
http://trsm.ru"
2901305001,http://optiproma.ru/
4312126655,https://www.mebeldm.ru/
7449127083,"https://fm-apeks.ru/
http://www.fm-apeks.ru"
5836677588,http://www.pamirmebel.ru
7328027662,https://mebelkomplekt.ru/
7703100210,http://www.cvt.ru
3232026276,https://www.dplsmebel.ru/
5030081662,https://mmpl.ru/
7328106709,https://monofix.ru/
3527020350,https://rusmebius.ru/
5234004680,https://antelnn.ru/
5834121770,-
2635098183,-
6829131888,-
0560026604,https://mebelsnab.com/
4703146924,https://kuhniduet.ru/
5263143618,https://www.raval.ru/
5038081512,https://unisma.ru/
7728318627,-
5050053310,https://www.stil-int.ru/
0277132617,-
0264054351,"http://www.ecoson.su/
ecoson.su"
5803025876,-
7717712653,-
9709075940,-
7713772891,https://santamebel.ru/
4329019108,-
7603036560,http://www.iterma.ru
6901067650,https://triton-mebel.ru/
7810791593,"http://spbclipso.ru
https://www.garun.spb.ru"
5803026439,-
7718975302,https://studioakd.ru/
7453282772,-
6318187658,-
5038130664,https://zamm.ru/company/
5803029422,-
5837079679,-
7602119239,-
7812003657,-
6679137550,https://asm-klassik.ru/
7449132157,-
5401343460,-
5321097628,https://volhovamebel.ru/
6679109048,https://asm-mebel.ru/
6230037310,https://kurazh-mebel.ru/
7702846510,https://gastro-lux.ru/
7808038946,https://zavodmebel.ru/
7717578045,http://www.pk-leomebel.ru/
7724455220,-
2634057561,-
7811748826,-
6678085700,http://www.safecenter.ru
5007086976,"https://lakoner.ru
https://lakoner.ru/"
5027215884,"http://mistytd.ru/
https://mistyofficial.ru/"
5260467727,https://azbukakrovatok.ru/
7328096930,-
6321359900,https://balu63.ru/
7627053660,-
5010025290,-
4345414440,https://lithiumhome.ru/
0269995546,-
7733344686,http://www.formex.ru/
5047146558,-
7802527549,-
7451452972,https://corozo.ru/
7705359715,https://mebel-your-style.ru/
5248013580,https://uta-stil.ru/index.php
6330062197,https://comfortsmebel.ru/
5003032673,-
5050111756,https://lider-mebel.ru/
5040127725,-
6321439295,-
5032278833,https://www.beni.ru/
5044117069,-
3102038626,https://mebel-uyt.ru/
7817034257,stylespb.ru
6679127671,https://ural-fasad.ru/
7901539930,http://foma.su
6670313585,-
5257126798,-
2465318505,"tpk-astrum.ru
http://www.tpk-astrum.ru"
1216030874,"http://xn--b1aesnaa.xn--p1ai/,
ооовдк.рф"
7733326140,https://7skameek.ru/
3661022552,-
5837071373,-
3703048322,-
7328088055,https://neighbors-expert.ru/
6321064335,http://enli.ru
5041206747,"http://mebetal.ru
http://www.mebetal.ru"
0263003040,-
3661032825,-
6122018609,https://furnitura-krasnodar.ru/
1001205556,-
9729006381,https://blago-mebel.ru/
4401170303,https://ogogo.ru/
7703272868,"http://www.imin/ru
http://www.imin.ru"
3628018460,https://fabriche.ru/
1659047323,"http://www.fabrikart.ru
https://www.fabrikart.ru/"
7203250489,https://mg72.ru/
1832114700,https://akvilon-izh.ru/
4712025860,https://dozleader.ru/
6685098651,https://souz-fasad.ru/
7329033884,-
2312215125,https://www.shkaf-kupe.ru/
2223625120,-
7711002336,-
6143062510,-
5263133698,"http://atonmebel.com
http://aton-mebel.ru"
7328090921,http://andrea-mebel.ru
5424107927,https://omgnsk.ru/
5035043653,http://kaksa.ru/
2632114373,http://dom-mebeli.com/
5018167144,https://avangard.biz/
5022068562,http://www.vitrina.ru
7703469631,-
3701049063,-
7802702582,-
7321003373,http://ru-les.ru/
1841018470,http://www.ivaru.ru
5904131969,http://avrora-mebel.ru
9201011619,https://ntkomebel.ru/
3812108878,-
2315118930,http://www.fenix-nov.ru
7816677424,https://nev-comfort.ru/
4704103610,-
1840070735,https://izhfasad.orgs.biz/
7722159642,http://www.bentwood.ru
2222854110,-
5049013017,https://konikamif.ru/
7114024512,-
6914019911,http://rzhevdoors.com
7806112922,https://thmd.ru/
0105045383,https://maykop-mk.ru/
5072712165,https://ferrum.ru/
4813006422,http://divan48.ru
7328084100,-
2312068424,https://lielfm.ru/
6670470732,https://domie.pro/
6952311272,https://incanto-rus.ru/
5047196647,https://architektoria.ru/
7328102278,-
9701000598,-
7810187938,https://www.focus.spb.ru/
7810918634,-
5245013937,-
5834044371,-
6319213163,https://mebelotfabrik.ru/
7708334155,http://www.comfortstol.com
7017469805,-
7702819072,-
7816708464,-
1831187159,-
7842505051,-
5505030662,-
5803029084,http://www.stolprom.com
2543129360,https://stilmetdv.ru/
5837084534,https://zaofoton.ru/
7802398501,-
2334025400,https://ivaboard.ru/#
5259120752,-
7839101450,-
2312087610,http://www.grmebel.ru
6230079976,https://verta62.ru/
1840071030,-
7735122978,http://smp-bobr.ru
7715316100,http://www.sharm-design.ru
7721063708,https://mebelkuz.ru/
7804571494,https://energy-mebel.ru/
2312209932,https://corona123.ru/
4632158800,-
7018003380,https://politen.ru/
7329024431,-
7701958725,-
2464154205,-
2536267722,https://vl-mebel.ru/
2464154188,-
7802559773,-
2339023759,-
2222845210,https://xn--80a2alg.xn--p1ai/
7839115975,-
7751019294,https://www.office-mebel.ru/
5410084620,-
7842515148,-
0269026492,https://www.amikmebel.ru/
4725004240,-
6679108936,https://ekb.divany-artsofa.ru/
2311220796,-
1650275082,https://www.rl116.ru/
2462213769,http://монро.рф
3904052382,http://www.formastone.ru
7706463589,-
6670427631,https://grata-mebel.ru/
7720347217,https://alsav.ru/
7603070836,https://con-mat.ru/
6318019614,http://www.garantmebel.ru
2312211730,http://www.klever-sm.ru
7802483059,https://elsinor.ru/
5003071721,http://makberry.ru/
1828032356,https://lamdrev.com/
9721148634,-
5835117262,-
2372029148,-
8601064878,-
1628011341,https://futuka-kids.ru/
5029223721,https://dm-imperial.ru/
2722045928,http://www.legkomebel.ru
7309005906,-
5029189220,-
5050082953,https://kuhni-premier.ru/
5030007789,http://metal-lab.ru/
4632067254,https://status-46.ru/
5029213917,-
9724028310,"http://www.craftspb.ru/
https://все-вентиляторы.рф
http://kraft68.ru
http://gk-kraft.ru"
5403006773,-
5027259923,https://masterwood.group/
7452076294,http://www.vernokuhni.ru/
1831185970,http://www.rinner.ru/
7707779585,http://mebel-koroley.ru/
7743288857,https://goodpoof.ru/
5038028251,trsm.ru
7733889513,"www.itonlaby.ru
http://www.itonlaby.ru/"
6102028969,https://yanamebel.ru/
1840019249,https://kb-mebel.ru/
6453054990,https://evanty.ru/
5009124659,-
9723087673,-
7804121079,https://artikul-mebel.ru/
4345496108,-
6321348810,https://dmebel-tut.ru/
7702638943,https://npo-kedr.ru/
6950061059,-
2124043120,https://orwood.ru/
2462065246,https://temkol.ru/
4632171135,-
7203370313,https://proflider72.ru/
2723203856,https://plintus27.ru/
5320026350,https://lionmebel.com/
5803026044,https://mebel-elna.ru/
7723826970,https://ronastone.ru/
7117028882,-
7734189948,http://profile-t.msk.ru
9715212659,-
5263042899,-
5404163560,https://kerulen-mebel.com/
2130225810,-
1701032764,-
4253011201,-
1658189815,-
7449123995,-
5409008015,-
5405267040,http://monamf.ru
0277130673,www.egida-lab.ru
7328084967,http://comfortonova.ru/
7714425996,https://interiya.ru/
1504032451,-
7453262261,http://likfasad.ru/
6901069270,https://www.mebelhome.store/
5040136399,-
3851020151,-
3017061215,-
6229069451,-
7713403848,https://4s-mebel.ru/
2536213237,-
5032283248,-
7610130772,-
4253013470,-
9725062473,https://rubicks.ru/
5908073690,-
2464079727,-
2463041047,https://costabella.ru/
5027279327,-
2636209763,https://aridamebel.ru/
3907026535,https://dedal-mebel.ru/
9715384626,-
1657225193,-
7743369432,https://sofia-decor.ru/
7725436950,-
1832132956,-
7720767973,https://www.mebel-galaxy.ru/
7725354049,-
3328491436,-
7328102052,-
7743627531,https://www.ottostelle.ru/ 
7203102770,https://office2000.ru/
6683016974,-
6230111370,https://akademiakuhni.ru/
7816142179,http://vlankon.ru
5024160549,http://www.yachtline.ru
2537141360,-
5835056235,https://www.pelicanmebel.ru/
7751507301,http://www.verona-style.ru
1840100186,-
7328074158,https://ds-mebel.com/
1659127924,-
5024030290,-
1660194227,"http://plmeb.ru/
https://plmeb.ru"
5250058404,-
7802890819,-
6661090149,http://www.bisinterier.ru
3328026277,-
7814610248,http://toform.ru/about/
7839069415,https://ventamebel.com/
0548013849,-
5246016000,www.vernisag-fasad.ru
6677003600,"http://filatoff-mebel.ru/
https://filatoff-mebel.ru"
3329100156,https://mebel-domoy.ru/
6151001166,https://ems-don.ru/
1841096239,https://www.romack.ru/
5263051597,-
9715235180,-
7802580398,-
2464104500,https://xn--90aagfbtte2m.xn--p1ai/
5237002307,-
7810074691,https://pushok-spb.ru/
4345493202,https://podushe-shop.ru/
2128037270,-
7743257680,-
7731595797,https://garagetek.ru/
2461048696,-
1658190835,-
7726272416,https://stas-legma.ru/ 
5263140198,http://korpuska.ru
6905049853,https://mebel-arva.ru/
5404094589,-
2223599134,https://avistafasad.com/
6230016408,https://www.raduga-lik.site/
5256186057,http://krovatka-dreams.ru
6143038589,-
7325169443,-
7814780313,-
7838497633,-
5001142952,-
7806593310,-
2801237171,-
5916035522,-
6829031682,https://strela-mebel.ru/
7328096715,-
1215174979,http://www.mdorf.ru
7124003367,-
5027296450,-
5803028789,https://optima-mebel.ru/
7017474844,http://ivego.group
7716823992,https://trade-eq.ru/
3906118166,-
2463058322,http://reline24.ru/
7202102248,-
5401404296,-
6367061464,https://steklo-samara.ru/
7804326816,"http://lerroy.ru
lerroymebel.ru"
7612032393,-
5311004712,https://spklaz.ru/48-stulya
7716873513,-
3906262794,-
7328110825,-
7804607920,https://tefri.ru/
5027267339,http://www.geniuspark.ru
2465290881,-
3661073067,"https://graf.ru
http://www.graf.ru/"
0276025771,https://www.premamebel.ru/
5047210235,https://songrad.ru/
5036167637,-
6685087530,http://stolburg.ru
5032252970,https://rusmebel.org/
2464144334,http://новыйдиван.рф
7817060786,-
7413024359,https://mamka.moscow/
1224000947,https://versal-mk.ru/
5038126202,https://delux-group.com/
5256068712,https://delstyle.ru/
4253027681,"https://domokon.su/
http://domokon.su/"
6143085691,-
5001031402,https://agamak-mebel.ru/
7718774282,https://viyana.ru/
6950204910,-
3431004238,https://salon-yut.ru/
5507220108,https://mebelpromtorg.ru/
4017000655,https://ledamebel.ru/
7720304397,https://xn--80ahmfifks.xn--p1ai/
5050098640,http://www.vitaly.ru
4823059399,http://www.mebelpartner48.ru
0572030080,-
6685149867,https://piramida-ekb.ru/
7813652196,"http://www.berlin-office.ru
http://фабрика-кресел.рф"
7708189525,http://www.makrus-kzn.ru
7702438447,http://www.loftmark.ru
7736258731,https://www.rondini.ru/
5402185047,https://xn--80abdkbb4be5ck0i.xn--p1ai/
5501264684,https://mg55.ru/
1326248577,-
5948001526,https://umf59.ru/
3906111971,https://www.cmfgroup.ru/
5008032067,-
4719011337,www.stdplus.ru
7706046190,https://www.pioner.ru/
7728652999,https://www.belva.ru/
7806509050,-
6450109922,http://www.gm58.ru
6678101920,-
5078015562,-
5404019133,https://prezidentnsk.ru/
0276127156,https://bashmebel.ru/
7017284177,-
5405483073,-
3329049301,https://vladimir.ziticucine.ru/
7722441720,https://mkrgroup.org/
5027234012,https://pandaterra.net/
7802683509,https://mdf.spb.ru/
7728208977,http://metorientir.ru/
7743238743,-
8603215240,https://ideal24.ru/
7713601381,-
7325114003,-
7702425021,http://www.proffhotel.ru
0264079973,-
4223711975,http://www.realmebel.pro
7328093619,https://adelco24.ru/
7720360225,-
7734214672,https://martiscom.com/
7328102398,-
2127000862,-
5834126987,-
4400003839,https://kostroma.berudivan.ru/
6950247448,https://selectum.io/
9204021598,https://orvis-mebel.ru/
7806579347,-
3435135129,-
6168083640,-
5043048824,https://pshenichny.ru/
5040063670,-
3906307090,-
3525351646,https://mirsnab35.ru/
7455001956,-
7802303098,https://prosmebel.ru/
5803029905,-
5044077867,-
7751519561,-
7724424007,https://proektmetall.ru/
6671055802,-
5013056874,https://xn----7sbah5ajqc8a.xn--p1ai/
7203149979,http://www.sameba.ru
7814771608,http://skaida.spb.ru/
1659147409,http://labgood.ru
7719461719,-
6658381701,https://mebelsvk96.ru
5050143846,-
7727417953,-
6143086455,-
7802386658,-
7807099840,-
3245007094,https://korpusm.com/
7717147987,https://dpatr.ru/
5959002200,https://alfamebel59.ru/
5038033974,https://pratex.su/
5837065637,https://lidermf.ru/
5834021007,https://spektr2000.ru/
5029009767,http://www.design-vector.ru
7106044498,http://www.tkpro.ru
7802860797,-
2309115762,https://expertmebel-yug.ru/
7727724513,https://www.mebel.expert/
5001110630,https://dd-stroi.ru/
9701009520,http://www.westcom.ru
4205191586,http://intersib-sotka.ru
1832004584,"http://www.ironnori.ru
ironnori.ru"
3702252389,-
4253027089,-
7811708566,dknk.ru
7728374477,-
5836643606,-
5027260044,http://hortika-mebel.ru
6683019012,-
5038096452,-
2225199950,-
9102000334,https://xn--82-6kc3bzcva.xn--p1ai/
5248040738,https://dankofurniture.ru/
5032211123,-
2703076504,-
4025451690,-
3525229188,-
1657052078,-
5837076318,-
5050151967,https://www.pandivan.info/
7743567681,-
2311179153,http://rosgrad.com/
6679097434,https://alfa-m96.ru/
6230077760,-
7734686964,-
6449073220,http://atmprom.ru/
3316006999,https://kmfabrika.ru/
1216025338,-
1435321837,-
7727822542,-
3702177484,-
4704097388,http://adventer.su
5249162320,-
7716779648,https://bar-line.ru/
5902010292,-
1001333526,-
5753070616,https://timelessmebel.ru/
5040161109,https://www.mrdoors.ru/
6686104139,-
6686094459,https://hardbark.ru/
3905614644,http://www.s-kayn.ru
7802539329,-
4345276293,https://rits-fasad.ru/
6230085874,http://km62.ru
5612164580,https://farengate.com/
5263117061,https://www.kromma.ru/
6678102064,-
5252046644,https://style-mk.ru/
7708609057,-
7719179261,-
1832031274,-
4501223260,-
1832160760,-
5027249883,-
6319210282,-
6679090943,https://mf-apelsin.ru/
6143064370,http://komf-mebel.ru/
7816718335,-
1832096232,-
6312149720,-
3904058105,www.cinnocillini.com
0277090075,https://массивуфа.рф
7825105776,https://kornelspb.ru/
6140023150,-
7705922656,https://arena-sports.ru/
7816710199,-
7806464882,-
5834123753,-
9703018495,-
7447297435,-
5262354623,-
5040062570,-
6905066337,https://zharkovskiy-derevoobrabatyvayuschiy-kombinat.pulscen.ru/about
9723088155,-
3328428473,-
3327123905,https://nedmebel.ru/
2538039721,https://vostok-mebel.ru/
7807242113,https://xn----7sbf8alec8bs0hf.xn--p1ai/
3123436177,-
9729101980,-
2016004438,-
7451234036,-
7602128850,http://mega-mebel76.ru/
3328431518,http://www.7kareta.ru
7713401128,http://www.tiardo.ru
6234177607,-
5445031355,https://ayaks-mebel.ru/
7743361634,"https://www.gartlex.ru/
http://gartlex.ru"
7811126021,https://mela.su/
6228046596,http://www.raduga-lik.ru
5803027249,https://imperiya-idey.ru/
7704424827,-
7103045052,-
6633014227,https://metal-meb.ru/
7735597481,-
2466233389,https://alternativa-mebel.ru/
7609017860,http://rukemping.ru
5050039796,http://www.vica.ru/
6002006070,http://www.harmonyvl.ru/
0277112339,-
6679099689,-
3907030370,-
5050152008,-
7107552825,-
7203312230,-
3528146490,-
4632183074,http://www.mf-sterling.ru/
6230094572,-
5016009939,-
7724898568,-
5503190597,-
4345368498,https://transform-kirov.ru/
7714613397,-
2311204586,https://tit-mebel.ru/
7729678615,http://fsmart.ru
3325008784,https://massiv-mf.ru/
5836683278,-
7717140004,https://www.dana.ru/
5027296467,-
6686115758,-
4401149196,-
7726472334,-
5803031502,-
6829124023,-
5048080525,-
7449066000,https://aliance74.ru/
4024006753,-
1216013389,https://imp-mebel.ru/
9729286587,-
9110026777,-
5261125797,https://antemi.ru/
7812038593,http://spb-pochin.ru/
6671156279,https://xn--j1aeho.xn--p1ai/
6903041986,https://russini.ru/
2312258383,https://individ-krasnodar.ru/
3906220071,https://mebelgradplus.ru/
7452146544,https://teh-mebel.ru/
7710918493,https://www.sportarmy.ru/
1660046412,-
6678086743,-
6664059933,http://bliss-mebel.ru/
5903040490,-
5907050644,https://facturno.ru/
7449040770,https://milan74.ru/
6670409897,https://karat-e.ru/
2631024102,-
5027236901,-
7709904873,https://mg72.ru/
5902025387,-
3661075177,-
7723454256,-
5074052740,https://www.stillmet.ru/
0326523285,-
3907026126,-
9102167911,-
9728019821,https://nika-mebel.ru/
4345374950,https://fabrikaprestol.ru/
7448023860,http://www.logos-ug.ru
6678089110,http://stalnaya-imperiya.com/
5027210332,-
7328067680,https://leonismebel.ru/
6658487497,http://www.plus-sv.ru
5001106150,http://salix-interior.ru
6382020462,http://tc1999.ru
7728470942,-
7707806060,https://www.tbs.su/
4345460550,http://www.bukatkin-mebel.ru/
7839109202,-
3525218718,-
7707443962,https://souzstroytorg.ru/
9701048977,https://massimo.ltd/
7802305874,https://www.maswood.ru/
7736306512,http://pskplus.ru
7802221078,http://www.shu-mp.ru
4719009000,-
3257035402,-
3725000733,"http://mebel-vlk.ru
mebel-vlk.ru"
5239005198,-
7717572340,https://yuninform.ru/
7328096909,-
6450099512,-
1655110782,-
5406811792,https://bolsheviknsk.tilda.ws/
7203425001,-
9110003120,http://crimea.zamerin.ru/shn
7814681961,https://artcraft.ru/
3904009700,"https://www.instagram.com/futurabistro/
http://www.futura-architects.com"
6658487909,-
3914014097,-
6671080252,-
6377001489,-
2465298930,http://mprof24.ru/
9701127033,-
5190190300,-
2465171027,https://admkitchen.ru/
7328110078,-
5030097239,-
2311120022,http://ast-mebel.ru
5260439367,http://bruschatkann.ru/
6321427469,https://fabrika-ornament.ru/
7802694155,https://eburet.com/
5503186449,-
7733073482,https://gardie-design.com/
1832147896,-
5402553406,-
3917016092,https://nvn39.ru/
7816049074,https://www.rimi-studio.ru/
5047214800,-
3811469575,https://luxfront.ru/
7728430298,-
5012082462,https://medem-mebel.ru/
7726044699,https://stas-legma.ru/
1901128015,http://mebeldela.ru
3811444940,-
7203196908,-
1834051822,https://ipm18.ru/
5904330298,"https://pesochnica.biz/
http://www.pesochnica.biz"
3245011044,https://fewchairs.ru/
7325159692,https://riddle-mebel.ru/
7722483423,-
3307022401,-
7716917418,-
6658504470,-
5027290497,-
3662288467,-
7731035058,http://lumi.ru/
7204142045,http://тюмень-кухни.рф
7704495585,http://amsi-stoleshnicu.ru/
7328093908,-
7724436468,https://www.artspc.ru/
5402014309,-
7729745808,-
5047153178,-
7721544137,https://artlandstudio.ru/
5403174680,https://kamea.ru/
4703127047,-
7014059110,-
7448127394,https://www.pkmt74.ru/
5032301987,http://raumplus.ru
7204039697,https://buroplus.ru/
6685099246,https://rina-mebel.ru/
2634011038,http://seating.ru/
1832141580,-
7702848637,https://www.moonzana.ru/
7714853670,https://www.tidhoreca.ru/
7328090720,https://mebel-lain.ru/
1831180837,https://diart18.ru/
7813648104,https://www.ergoroom.ru/
5050128069,-
7743058677,-
9701145593,-
1650340133,-
7901003176,http://shans-mebel.ru/
5032307481,-
9723091976,-
4345388180,-
5248019768,https://veronann.ru/
2466288525,-
2311192355,https://www.polka.life/
2461044042,-
7802331507,https://atica.ru/
1660319331,-
5042105935,-
1901129178,https://www.stolplit.ru/
3316010924,-
9729164035,-
1650381002,-
3257046718,https://bakout.su/
6686050645,https://steelii-design.ru/
7802886971,-
0105034617,-
6684025749,https://plitaraspil.ru/
5074070315,-
5835105651,-
2635234333,-
2464126007,https://24softline.ru/
6315619268,https://stel-s.ru/
3123081781,-
7017366782,https://parademebel.ru/
6658483823,https://modul116opt.ru/
5834116844,-
7702412304,https://pravilnaya-mebel.ru/
0277919210,http://mebel-rb.ru
6950208985,https://sagrande.ru/
5040079630,-
7801307893,http://mebelny-dvor.ru
2312235178,http://valkiriya-krd.ru/
5409240554,https://dommeb.com/
9701166307,-
7203420966,https://vitamebel72.ru/
3444080733,https://xn--80abbncb6beh1d3b4d7a.xn--p1ai/
5007042922,https://www.mdm-complect.ru/
4345237431,-
5404187843,-
2367018334,-
3827052709,-
7802305472,https://formprospb.ru/
2345007762,-
7328074479,http://www.pmv173.ru
4632234018,-
7328102694,-
7817319358,-
4401192258,https://amd-style.ru/
9721011206,-
7804580040,http://sofacollection.ru
5012106240,-
3912015521,-
5041203288,https://office-kreslo.ru/
2346015893,www.elora-kuban.ru
2311206449,-
4401110512,https://delovoy-k.ru/
7807164320,http://kornera.ru
6829138932,-
7816463486,http://www.zveno-web.ru
4253038919,https://42artdivan.ru/
6729026390,https://www.smoldiz.ru/
7734735690,-
5445028480,https://mebeltrans.ru/
3453002210,-
7723431298,"https://wudelier.com/
http://artway.life"
7203420540,-
1201004310,-
7802287270,-
7805230970,-
7811684040,spb-mobile.ru
4345470090,https://mebeloff-kirov.ru/
7839113167,-
5402057408,-
9717086368,-
6678113404,-
5041208744,http://www.stolyarca.ru
7729629537,-
4312152550,https://mirrandi.ru/
5044083518,-
5001133595,-
1831197206,-
7327093373,https://mebelsmk.ru/
7842308840,-
5809004985,https://hrom58.ru/index.php
0533012962,-
7720685625,http://7vitrin.ru
7207024057,-
5905024455,https://vnoviyvek.ru/
7735183882,https://dilekt.ru/contacts/
5838040272,https://www.astron-mebel.ru/
9102226155,-
1650398214,-
5018137414,-
7328084389,https://fabrikaokon73.ru/
7716960283,-
2821005059,-
2311166933,-
5050117927,https://maximus.su/
6143061267,https://fenix61.ru/
7806534410,-
5040097407,http://rmk-style.ru
0571010395,-
5074060780,-
6685155797,http://vero-mebel.ru
7735140328,https://kuhny.ru/
7203448680,https://mebelgood72.ru/
5001124167,-
1658199370,http://xn--80acbdmb6beobuw5lnb.xn--p1acf/
7733585219,https://mebel-met.ru/
9717045481,-
7810385601,-
7716954258,-
5834062444,https://plastik58.ru/
3701048711,-
7721761501,https://aliandr.ru/
2130114620,https://artica.pro/
3849061545,https://www.absolutsib.com/
2466168482,-
4307018005,https://luzales.ru/mebel
4221030378,-
7720294572,https://www.atlant-to.ru/
7726746899,-
7702783186,https://borneowood.com/
7105058434,www.expro-mebel.ru
6318059198,-
7816644884,-
7609040387,-
1650315708,-
3435056903,-
1513068077,-
7729788449,http://www.salut-mebel.ru
5408000736,-
2635247710,-
0816029195,-
2311303202,https://alma-arte-mebel.ru/
5405492832,-
7718998050,https://archpole.ru/
7701338168,https://ekalum.ru/
7226000904,https://up-mebel.ru/
4223712016,https://redlikhmebel.ru/
0216006301,-
6165088833,-
3323007305,-
7706199133,https://olha-dekor.ru/
9723111414,-
1660282096,-
7448172510,-
7727410524,http://www.rus-derevo.com
2901265503,https://grand29.ru/
3525418266,https://red35.ru/
7802580574,-
5036101273,-
7107531335,https://uta-shop.ru/
5001117530,-
7841071147,-
2626032348,-
5835138897,-
5017121443,-
5190023813,-
0561044437,https://maksimal-prospekt-amet-hana-sultana.clients.site/
7743789074,https://mikmar.ru/
7627040968,https://smebel76.ru/
5040168464,-
2462065542,-
3664246134,-
2204021468,http://mebel-lider-m.ru/
2309171044,-
5032341517,-
9715374561,https://www.mbgreen.ru
6658321389,-
3662264378,-
7810778634,https://dekowoods.ru/
3444253560,http://td-komandor.ru
6950256146,-
2466193545,-
6658453723,https://studiodelarte.ru/
6633026303,-
6321384617,-
4025449910,-
6452120495,-
7734723976,https://www.complexdecor.ru/
4725006470,-
5433957670,-
5802005620,-
1216016005,https://vic-mebel.ru/shop/
5249137027,http://mtm52.ru
4223062826,https://grass-mebel.ru/index.php?id=1
5410781290,https://www.kuhni-nsk.ru/
3904054566,-
3918010093,-
9721099754,https://prioritet-kurgan-mebel.clients.site/#contacts
5249171652,-
7810913675,http://weres-mebel.ru
4253042111,-
1841093090,-
1841092322,-
7813634655,-
9723113130,https://beauti-mebel.ru/
7733336886,-
5403038863,https://xn--54-9kclfab9bdgv7o.xn--p1ai/
5446020726,https://oporad.ru/
7804418200,http://ivoline.ru/
7706101074,https://www.supermatras.ru/
1658184038,https://metallstil.ru/
1661042562,-
2125008908,-
7328058903,https://www.rigdom.ru/
9715306554,-
5027126095,-
7723487276,https://mebel-fitnes.ru/
7743896904,https://ldsp-raspil.ru/
7118023862,-
5835128440,https://technoconsole.ru/
7708373771,-
1831182312,http://obivka18.ru/
6731028820,http://klass-company.ru/
4105096667,-
5009030601,-
7708281270,-
6685098612,-
5038065831,https://woody.red/
5029234875,https://mebel-nik.ru/
5047256656,-
7802599060,-
6732000289,https://smolville.ru/
6658530128,-
9723007371,http://www.brassworkshop.ru
2311215612,-
3804054072,https://mebelbos.ru/
7751520599,-
5018148448,https://robinbed.su/
6674327395,https://xn----btblb4ac4bh2gm.su/
2311321579,-
5803029790,-
6901051114,https://mebel-ok.com/
7309005303,-
2301091728,https://smk-anapa.ru/
7811747477,-
7720438182,-
6674369684,-
4025056877,http://mebel-concept.ru
5248040343,https://bossanova-mebel.ru/
7816591135,https://pf-rimi.ru/
7804579327,-
9710088976,https://venskie-stulya.ru/
5610163982,-
2464124024,-
5027248375,-
6901090353,-
6122006410,https://mebel-karmen.ru/
2315104007,https://chernomormebelplus.ru/
3528277711,-
5027244564,-
3320005645,-
5074070065,-
7751125461,-
9715225369,https://mebel-shanti.ru/
7722338592,https://realmebelmsk.ru/catalog/
5405984810,-
6674212796,http://ekb-elit-m.ru/
6679108566,-
6670409939,-
5404016439,https://dimm54.ru/
1326253954,-
9709067869,-
6315522763,-
2310208309,https://kresla-aleks.ru/
5263027393,-
6679080617,-
5036127384,http://www.arkstyle.ru
0326576375,https://xn--03-6kceeeqb3cfh0r.xn--p1ai/
3906314026,https://mebelik-kd.ru/katalog-mebeli
5403344525,https://mkbagira.ru/
5020061346,-
5404522700,-
5040091719,https://www.atlantics.ru/
7802351895,https://mebel-m-servis.ru/
1832139670,https://mebel-lotos18.ru/
2130134418,https://alan-fasad.ru/
7203511290,-
4816005346,https://usmmebel.ru/
7838008089,-
0326572170,-
0276952864,https://bashmebel.ru/
5190075280,-
6166095671,-
9715406012,-
5018192630,-
5017087270,https://factor-russia.ru/
5050100850,-
7204203185,https://ligamebel.com/
5260398907,-
7838507909,-
3459008553,http://protorg.org
5259151461,-
2464138556,-
5261099297,https://vasilini.ru/
7718788158,https://dsmk.ru/
6686124449,https://99divanoff.ru/
7806552666,https://walls-studio.ru/
3328497413,-
7804604125,-
7329012820,https://rammus.ru/katalog-produktsii/
2112004487,-
3662053602,https://mvk-mebel.com
0277916883,-
7017270463,-
7726484570,-
4029027644,https://40-mebel.ru/
2462038362,-
4725007642,-
7603061180,https://tvoihome.ru/
5907049624,-
8603240783,-
7729007303,"https://www.divan-design.ru/
http://www.divan-design.ru"
7207020609,https://fmf-lider.ru/
6452108138,http://respectstyle.ru/
7452152749,https://loftovik.ru/katalog/
2721226985,-
5016008741,https://julis.ru/
7802426910,-
7610131600,-
1651055499,http://www.sintex-mebel.ru/
6658461869,https://www.allant.ru/
7536057650,https://mebel-mdk.ru/
5751035020,-
1648046078,-
2538129460,http://estdv.ru/
6144021860,-
7325117501,-
1101165427,-
1656117082,https://shapdesk.com/
5505220871,-
7718244937,https://www.senator-style.ru/
2713020910,-
6686041640,https://asmebel.com/
7802882984,https://catsby-family.ru
3810063131,-
2464144750,https://atribut-mebel.ru/
7811720468,-
9102006022,https://konus-crimea.ru
7810689470,http://etalon-mebel.spb.ru/
7811438158,-
9729114757,https://www.kuhni-tetris.ru/
7723393412,https://mebelschukin.ru/ru/
7728780430,https://www.lestnitcy.ru
7701087852,-
2222023436,"http://savat-mebel.ru
http://savat-mebel.ru/"
7627041993,-
4401093899,https://russ-trade44.ru/
2312085388,https://leoluxmebel.ru/
6678053924,-
2462067317,-
7456032178,"http://lorusso.ru
http://lorusso.ru/"
6686133370,-
5044053721,-
3328024840,-
2312083077,https://triumph23.ru/legal-information/
1650296653,https://www.elitaprof.com/
7017067038,http://stmebel70.ru/
2312208720,-
5404079541,-
7720369203,-
1215226465,-
7843008077,-
2455034310,-
2457049094,-
2345000502,https://xn--80aclblwcbxk4l.xn--p1ai/
1216007988,http://promtexmari.ru/
1835059630,http://izhmassiv.ru/product/
7725263190,http://theply.ru
1832120083,https://naidy-izhevsk.ru/
6670253424,https://torgstyle-ekb.ru/
2511113760,-
6829156924,https://tormashki.org/
5027206583,http://www.zauberwald.ru
6143038268,-
1901138077,-
7725344241,-
7722379944,-
6162067169,-
5406729450,-
2464258959,-
4027139864,-
7017369261,-
7840098940,-
4401192508,-
2537100081,a-gaudi.ru
7743883119,-
7103057266,https://retran.su/
7329016751,-
7811739740,-
1841087442,-
7106061140,-
6311191180,-
2463048500,-
1840084689,-
8604031736,-
6671103380,http://s-o-u-p.com/
5501254051,https://lux55.ru/
1831155541,-
1655323269,-
5407967680,https://a-zykov.ru/
0323399400,-
4706040860,"https://richhof.ru/
https://richhof.ru"
7721435610,http://mosgorcex.ru/
7840510056,-
4003035665,http://www.odissey.ru
5044074792,-
7726391759,-
7329019664,-
7325113183,-
7447042363,http://uralto.ru
7806552458,-
5003104222,-
7810397283,http://diolli.ru/
7735178240,-
1001344542,-
2904029159,-
6671099905,-
7724597049,-
2204017292,-
3327120051,-
5404041450,https://l-mila.1c-umi.ru/
7730641641,-
7103050655,-
7203067050,-
7736049590,https://bis-n.ru/
5403051409,https://avantamebel154.ru/
9701148185,-
7627050050,-
7621010766,http://микко.рф
6678054967,-
7811641022,"http://fasad-lux.com/
http://fasad-lux.com"
9102198814,-
2634101186,http://dobrovmebel.com
6451015579,-
1831192487,-
2312067340,-
3627022418,"https://kuhnihit.ru/
http://мебельный-хит.рф/"
2539073683,https://dvgroup25.ru/
5408275434,https://mebelngs.ru/
5031107472,-
5402004981,-
6143016553,https://alfa-pik.ru/
7804660955,-
1658128259,-
5503185879,-
6453139185,https://www.catarinaricci.com/
5803016600,https://galion-mebel.ru/
2204078016,https://dizag.ru/
7449059690,-
1001201576,-
4223064171,-
2345010772,-
5403059782,https://sibtorgmebel.ru/
3459079628,-
4824042479,-
5404042407,-
7813594057,-
3906193371,-
4205116444,-
7843011489,-
5007093797,-
2452041704,-
7839499182,-
1001196929,-
5048054684,https://www.mebelprofbar.ru/
7325138519,-
7804538514,-
5410072640,-
6829142551,https://www.mebelru1.ru/kontakty/
7329023847,-
7203448305,-
5402053925,-
7717721337,https://istradoors.ru/
7734518303,-
3442080167,-
1216013614,-
3851004417,-
5837038175,-
2130175132,-
5262378864,https://www.slavdvor.ru/
5029049270,https://shvets-intercom.ru/
5036174296,https://imperior-stone.ru/
7451324508,-
7802700793,-
7724435351,-
7460042203,http://www.dvkuhni.ru
2221253839,https://altaimebelchik.ru/
5321174576,-
1216024422,-
5919014369,https://vk.link/mebelsolikamsk
6949110914,-
6673169065,http://arkada7.com/
5445038311,-
1215190593,https://muromec.net/
7107135349,https://custom-woodru.orgs.biz/
2443013330,-
3702694066,-
6617025415,https://xn--80akjsz.xn--p1ai/
5404038168,-
1657265397,-
4725484155,-
7604102390,-
7017219989,-
6234142548,-
4716042915,-
6166109469,-
3321029222,-
7813254269,-
3663127832,https://caiman-group.ru/about/
5406981681,https://kuhni-54.ru
7726608874,https://raspildsp24.ru/
7811768727,-
4823081066,-
7451431147,-
7130032101,-
7716872037,-
2632068198,https://mline26.ru/
7716765797,https://tob.ru/
3459074718,https://xn--h1afackq.xn--p1ai/
5249044157,-
7720404578,-
5038113588,-
7751171919,-
7203350532,-
9731000740,-
5031127905,-
2466288814,https://krasdetki.ru/page/detskie-krovati
5050126424,-
7722221259,-
7811682773,-
2543120689,-
6625060445,-
3705010934,https://xn----7sbadcfbxwu1catg4c4a5hp.xn--p1ai/
2724224560,https://woodland-mebel.com/
6670476357,-
8602257833,-
2312080252,-
2634069327,-
1901091580,-
9705068283,http://mpk-fabrik.ru/
5904651260,-
5249007821,https://mebel-dmf.ru/
2723138050,-
7839316110,http://www.interier-m.com
7814799924,-
7604314651,http://retomebel.ru
3906052490,https://www.maxick.ru/
7451226638,-
2130105223,http://masterdom21.ru
6678086292,-
7722466241,https://dekada.dsk5.ru/index.html
7805701812,-
7207018991,-
5501079748,-
7839076275,https://bronzastudio-spb.ru/
7329033330,-
5404507564,https://www.akrilnsk.ru/
1650329637,-
6319243351,"http://www.theel.ru
http://theel.ru"
3327320075,https://tekomebel.ru/
7839063967,https://shop.favorit-fabrika.ru/contact
2901280999,https://f-fasad.ru/
7811203734,-
3320005476,liman-murom.ru
9725054183,-
3525367389,-
7328086756,https://tandem-ul.ru/
7701610568,http://aktaliya.ru
6027163290,http://divanpskov.ru
1841088326,-
7017255031,http://region-dsk.ru
5040053625,https://d-mas.ru/
5042126653,https://asgard-mebel.ru/
3661085312,https://facadel.ru/
7203448802,-
6901066921,-
8606008683,-
3702725370,-
5404224291,-
7735182487,-
5246050160,-
6658542388,https://ravnovesie.store/
6950247310,-
7805715653,-
7719402752,-
6674348532,-
5006015877,https://stkomplex.ru/
0262008335,http://kumertau-mebel.ru/
6321425140,"http://атрий-мебель.рф
атрий-мебель.рф"
2464027493,-
4003016849,-
4238019140,-
5835088318,-
2222829480,http://perfekto.org/
3459074098,-
7806232419,-
3525438030,-
2224112593,https://ahtamar.net/
7811623023,-
4234008010,https://magazine-mebeli.ru/
7701100006,-
5446016230,https://mebel-manufactory.ru/
7724495350,-
5038110160,www.julis.ru
2543054732,-
1660212388,-
6230096890,-
3661025673,-
3905041305,-
7722444079,-
5611069735,-
6686111344,-
6671437537,-
2463257222,https://leroy-m.ru/
7017102490,https://imteksmebel.ru/?psort%5B%5D=name_DESC
2703076494,-
4401186712,-
2224199065,-
5027219487,-
5012085544,http://mirma-m.ru/
6027160299,-
7801633953,http://v-mf.ru
4703172603,https://shovikroy.ru/
2801258414,http://www.dauriya.ru/
7453145582,-
4632256702,-
1224006667,-
7726481610,-
7806584562,"http://www.interierno.com
http://www.mebel-finest.ru
http://mebel-finest.ru/"
2014011020,-
7807247545,https://www.aridis.ru/
7722704785,-
3525443216,-
2455022114,-
6950029986,-
7451440624,https://fabrika-727.ru/
7726366745,-
7720438087,https://hotel-box.ru/
7328096144,https://ns-mebel.com/
6686039232,-
5262056835,-
7726054778,-
7802111710,-
7717506114,https://imato.ru/brand/2-ooo-imato
1832141277,-
5005060612,-
7106060404,-
5401966665,-
0278203067,"https://e-nomica.ru/
https://masterfasad.com/"
2801124428,https://vostok-m.ru/
2223605490,-
3528286360,"https://www.mebelmaster35.ru/
https://mebelmaster35.ru"
7722862291,-
5448951167,-
7705872525,-
1840000255,-
1224002101,https://meon-mebel.ru/
5401278179,-
5257156961,-
7817119373,https://craftsrv.ru/
7733352140,-
4205381851,http://sibvitr.ru
7716659527,-
1840022065,-
7604366441,-
6153015252,-
6685180994,-
6230117237,http://mebdelo.ru/
1609011473,-
0275057347,https://khusnievburo.ru/
5262380253,https://xn----otbmbqljj.xn--p1ai/
1660264026,-
7802889620,-
7806584227,-
7328080828,-
4632173044,-
3250530687,http://www.privatenap.ru
1650303910,-
7802416990,-
7801309210,-
5263118241,-
2116004826,-
5029264929,https://dveri-mebel-spb.ru/
5507074305,-
5038123554,-
7460031931,https://fm-nocturne.ru/
5321080776,http://mebelmechta.ru
7816701010,-
9725014913,-
1656055534,-
1831191194,https://temnikovmebel.ru/
7449116243,http://alan.mag-river.site/
3525423266,-
6151019710,-
7733357269,https://toptable.pro/
7326053113,http://mebelny-dekor.ru/
7802632279,http://xn--d1aca1a0ag.xn--p1ai/kontakty.html
2225185795,-
5321203918,-
7105058427,https://pkvashuyut.ru/
6732136716,-
3661025698,-
7719477243,-
7810723522,-
7726360694,https://www.mebel-slav.ru/
5404015530,-
3307024279,-
6904005589,-
7840034463,-
5403011149,-
2312118160,https://ecoveranda.ru
7726438414,https://logo-mebel.ru/kontakty
7806563820,-
5834035754,-
7842494917,-
2443035831,https://xn--24-clcpb0bduik4k.xn--p1ai/kontakty
7452112217,-
7801512162,http://adelfi.ru/
5837073130,-
1326231005,https://techkids.ru/
1841085928,-
5803030234,https://divan-major.ru/
6686025247,https://mebelkroshka.ru/
5321172498,https://www.invernokitchen.ru/
2724235730,-
7448180253,-
7730717450,-
6950251349,-
5259121837,-
5504244630,-
2315212411,-
7839476280,https://sportmebel.ru/
6820041125,-
2224189268,https://fm22.ru/
7701529437,www.korpus-a.ru
5404008893,http://www.armand-nsk.com/
5029150294,-
5047237237,https://xn----dtbhbqh9alhen.xn--p1ai/
6679098950,-
5027263937,-
3918013577,-
2452039374,-
1101171117,-
7708267413,-
4246023252,-
5032290319,-
7713471823,-
1224000538,https://meridian-mebel.ru/
5007060015,-
7840094720,-
3443143860,-
4401146766,https://fabrika-kedr.ru/
2226006939,-
2462072123,http://mebelklass24.ru
8602202513,-
7460044916,https://big-wood.ru/
7202197634,https://www.xn---72-6cdzppfnl3c2hd.xn--p1ai/
7203499780,-
2463111689,-
5003135319,http://presta-kuhni.com/
7751168465,-
5406780826,-
7328109354,https://fmmebel.com/
6234160868,-
3810061871,-
6025037081,https://mirtavl.ru/
1215144967,-
6230101043,-
3702225480,-
2304076982,-
3906380050,https://torg-baltika.ru/
7720784390,-
7453296341,-
5263128200,-
5074061053,http://fasadavrora.ru/
5040159558,https://avangard.biz/
3906309107,-
1612007149,https://xn--80aaale7a0at3a.xn--p1ai/
2543028965,http://glen.ltd/
3904042881,-
1001343500,https://mebelecoline.ru/
6686120099,-
3327141333,-
7451362180,http://креслаистулья.рф
5321160911,https://pk-petrostil.ru/
7806174855,https://www.benua-mebel.ru/
7805638945,-
3849070860,https://www.irkutpro.ru/
7708140181,https://logart.ru/
6628008884,http://www.rezhmeb.ru/
2367007124,-
3123473010,-
4312152990,-
5403056245,-
1835009502,-
5834123746,-
1655467077,-
1650356870,-
3702126578,-
7204127689,-
3123444450,-
6312177318,-
7017384326,https://krokus-mebel.wixsite.com/krokus
4027138853,-
0250146637,-
6319201665,-
7602158213,https://kuhni-5.ru/
3906082689,https://www.formastone.ru/
6319235336,-
7203518979,-
7817306310,-
7451295712,http://narmada.shop
7724376530,http://tradeo.ru/
0275039651,"https://www.metta.ru/
http://www.metta.ru "
5835087603,http://www.stendmebel.ru 
0275917881,www.metta.ru
7743838194,-
7817045805,"https://www.dikom.ru
http://www.dikom.ru "
7839019799,"acanthus.ru 
https://acanthus.ru/"
5835130030,https://mkt-rus.su/
5032283110,"https://zenith-rs.ru/
http://zenith-rs.ru "
5034053190,http://mebel-holz.ru/
7707035265,https://red-line.ru/services/izgotovlenie_kornerov/
7726723757,http://metmebel.ru
1834040228,https://startprom.ru/
1837020043,http://new-mf.ru/
7722727990,https://svkmebel.com/
7723508744,http://sloros.ru
5751055980,https://imperial-mf.ru/
4401153996,-
9710075430,https://www.vektor-mebel.ru/
7804158696,https://simple-pro.com/
4345044687,https://kvadrat-kirov.ru/ 
7726459767,https://mostorgmebel.ru/
7713326907,https://www.mdm-group.ru/politika-konfidentsialnosti/
2636218408,https://mebmy.ru/
9718140160,https://yasli-shkola.ru/nashi-kontakty/
6165129423,http://mdcom.ru/
7447292758,https://soyuz-postavka.ru/
5262384709,https://promvm.ru/
4825147957,-
2130220096,https://stuler.ru/
7721841524,https://comforum.ru/o-kompanii/
7736323010,https://bm-groupp.ru/
5803027129,https://alconagroup.ru/
7736670335,-
9723133182,https://kvadronovo.ru/
6027141391,-
6686126252,-
7804184336,https://www.b2b.vimis.ru/
3702084254,https://glider.ru/
7720787521,-
2625802121,https://nika-mebel.ru/
6925005220,https://rusnorma-k.ru/
7606007737,http://deka24.ru
3235009504,https://bryanskmebel.com/ooo-mebelnyj-komfort
4825051797,-
6319063912,http://www.sveto.ru 
1661018030,-
5050126463,https://directoria-moder.ru/news/produktsiya-nashey-kompanii-v-reestre-minpromtorga/
9721175814,-
2368016690,https://www.e-1.ru/
9710096511,https://mebel-nova.ru/
4345496524,https://metson.ru/
6161079436,https://mebel-klassik.ru/
4029064090,http://мебель40.рф 
5907046782,-
5262330157,https://stilofis.ru/
7724443514,-
5050072497,https://tvoytseh.ru/
9717105606,-
7801491716,http://eco-analytika.com 
7704865878,-
9717104031,https://stalosnova.ru/o-kompan.html?srsltid=AfmBOoobEbdrKG0xb7CRK9DZ-rskNmTWALgGjuUIWpbP7RlNLX86x7my
6330095851,https://galeon-mebel.ru/
5256168763,https://tk-group.org/
2464158880,https://forum-divani.ru/
6451019478,http://www.kalinka-m.ru 
5836685934,https://www.mebelmsk.ru/catalog/?srsltid=AfmBOoqBMeqa33Z9ZY7_Mjw_tIu4XB1PyDrybQrg3KX2L_jXqRZTc1rb
6367061601,https://www.maranta-mebel.ru/contacts/ 
5047212828,https://hsr.ru/
7734381232,-
6311169963,https://уютнаялогика.рф/ 
3257019295,-
1660154111,-
7720371072,http://standartfurniture.ru/
6925010759,-
6674311518,https://www.td-alterna.ru/
7321013928,https://ampm-store.ru/mebel-dlya-vannoy/?sort=priceDown 
7811612254,http://massivburg.ru 
7328104998,https://mebelioni.ru/mebel-dlya-personala/unit/
5228058504,https://lastra-nn.ru/
6673194336,-
4405007530,-
3316006580,http://fm-sad.ru/magazin/vendor/formula-mebeli-sad
5027255005,http://deks-group.com/
3324123093,http://www.gefesd.ru 
9715419100,http://bmf1.ru 
5834111660,https://mebeltreid.ru/
7704462438,http://www.gamma-mebeli.ru/
3702179153,-
5321066718,https://grafmash.ru/ 
5803025107,https://www.delice-mebel.ru/
7814792301,-
7806588084,http://www.tok-mebel.ru 
2466291292,https://super-k.ru 
9701027590,https://www.kujelev.ru/
6143082637,https://www.list-org.com/company/7782119
7814748207,-
5047175326,-
6312167373,https://arviks.ru/?ysclid=m4y5vgeqo5498298435
5047189456,https://b2b.house/company/OOO-DZHENIUSGRUPP_da0653c6-dc40-4bc7-bbbd-5ce25107ace9/
7100025844,-
5263137614,https://son-servis.ru/catalog/myagkie_krovati/
3324125710,https://www.audit-it.ru/contragent/1203300001761_ooo-istoriya-stilya
3662286036,https://sozvezdie.top
7718003709,https://www.unipart.su
7804688076,-
1832121369,https://mebelotfabrik.ru/sellers/fabrika-kvadro-krasnodar
5024202904,https://www.kybmebel.ru
5836655961, 
9204017714,https://compass-shop.ru/?etext=2202.E61h4zt4Y1oFxLGj1gEDoenMqUvgqznwKTlIlnl9k7NHM5YouArPVY5tVbsmG1yWZki-POAk8e2Lu8E9C1Dho3u3foR5RRcELPvx2k7hcrZxb3R3YXdnb3JsenV3cnhx.c5d46a8668ee0e1700c5d7d3ab80cba7a4bf593a
5029194020,https://tbmluxe.com
4025461635,-
5835137090,https://dommebeli48.ru/gross.html
6324037403,-
1841018872,-
7728360587,https://www.arida-mebel.ru
5257202752,https://mebel-alians.ru
5321168565,http://bazadivanov.ru/ 
1224003384,http://www.molinari-tm.ru/ 
0264073428,-
1840087104,-
7727440769,-
7807067550,http://top-stoleshki.ru 
7811138080,-
9729319017,-
6679042964,http://best-studio.net 
5024114670,http://alvistir.ru 
7702379953,-
5034056258,-
7731395773,-
7456048869,-
5040159572,-
2130232535,-
2204089392,https://www.mebelvgorode.ru/user/617
7321017432,https://zachestnyibiznes.ru/company/ul/1227300003292_7321017432
3016028624,http://astmebel.ru 
3329096862,-
5050116867,-
7713489147,-
0274182930,http://pp.mastprom.ru 
5501042635,https://star-pro.ru/proverka-kontragenta/organization/1025500530032--ooo-komp-epakt
6230085232,"https://promto62.ru/
http://promto62.ru "
5029251648,-
7736199941,http://www.andrey1.ru 
7807208842,https://loft-minimal.ru/contact-information/
7720453857,-
7806600863,https://rating.gd.ru/company/1227800097645/?
7803041039,https://riksprom.ru/?ysclid=m5355j6yps452189633
4705095256,-
6917010522,https://www.horeca-amg.ru/
6230121530,-
5237002956,-
7806570520,https://si-line.ru
7722623303,https://4k-group.ru/kitchen
5032290164,https://engicore.org 
2635250303,-
7722407408,-
3327146726,https://konkord.ru/aksessuary/prikrovatnaya-mebel/
6318194207,https://basis.myseldon.com/ru/company/1116318004725
9731088127,-
4715032054,-
7328096063,https://tvdiv.ru/ 
1646042550,-
4405004160,https://www.optomtovar.ru/9410
3705010388,-
5837075434,https://ecvmebel.ru
7810689790,https://синеус.рф/?ysclid=m4y9jslhh4287783797 
2465186070,-
3907026567,-
5053043423,-
0274063387,"https://ufamebel.ru
www.ufamebel.ru "
5042156640,-
2130172967,-
5022062225,-
7718815355,-
5405018260,-
7720319812,http://styling-mebel.ru/kontaktyi?ysclid=m4y9yqdbiq840523577
5007036693,-
7716958929,https://ecomf.ru
5049020381,https://nashamebel.net
5040157102,https://focus.kontur.ru/entity?query=1185027018296&ysclid=m4ya4qrfqm406427127
1838023551,https://mebellroom.ru
9701009752,http://www.ofimall.ru 
5837079196,https://mebelny95.ru/penza/magazin/1167
7820078600,-
7811699167,-
7328105529,-
3702172937,-
9706006995,https://lite-dom.ru
6678065239,-
7722486079,-
5835049446,https://termit58.net/?ysclid=m4yamgzl7i742664516
9715289771,-
3257006497,https://mk-vizit.ru/proizvodstvo/
2312231776,-
5837079358,https://ввмебель.рф
5404310310,https://alderson.ru/wb-thanks?ysclid=m4yatlwv6h950277349
2308270726,-
7203384612,-
7701290967,http://интбест.рф
3702179114,https://glider.ru/?ysclid=m4ybuqcche235373014
5237003830,-
3255507829,https://mebel-art32.ru
1515921572,https://guticher.com/ 
5829006405,https://скандинавия-мебель.рф
6686142790,https://meb96.ru/manufacturers/335_altair
5047069744,https://www.mosreg-garant.ru/ru/clients/ooo-dachnyy-sezon/
7328040871,https://dok-mebel.site
3309004486,https://kreslov.orgs.biz
5809005361,http://id-meb.ru
2312289984,-
5829000562,https://fabrika-svk.ru/?ysclid=m4ycgomaer299891959
7731173202,-
9726018710,-
5611059399,https://orenburg.yp.ru/detail/id/fort_mebelnaya_fabrika_2000732/
9710014759,http://finewoodinteriors.ru
3528187698,https://mebelstroy-35.ru/catalog?ysclid=m4yckry44981833506
7720461375,-
5908049546,-
5047141038,-
7717159622,-
7811775749,https://vk.com/club211699469
5248043256,https://производитель.рф/producer/karissa?ysclid=m4ycq3qp4z177846684
7839081500,http://www.me-ho-me.com
5029258964,https://klassika-mebel.ru/?ysclid=m4ycri0tq1766458819
3329100621,-
5041210334,-
7806577653,-
3631009297,https://www.postavshhiki.ru/katalog-postavshchikov/320-detskaya-mebel/58869-moonlees
9715327402,https://moscow.cataloxy.ru/firms/mfgamma.ru.htm
7751025668,https://madxgamer.ru/rekvizity-kompanii?ysclid=m4yd2oynmd335677149
5835123562,-
9701011141,-
7804336229,https://st-petersburg.cataloxy.ru/firms/palladio.su.htm
7820081585,-
1650401690,https://naberezhnye-chelny.yp.ru/detail/id/kamamebel_proizvodstvennaya_kompaniya_2156548/
5405501910,-
7720870473,-
7707840159,-
2310215419,https://fmk23.ru/homefurniture
7801222199,https://divansale.com
9717093220,-
7718972728,"http://omd.ru
http://omd.ru/
https://bbdogroup.ru/about/agency/omd/"
7720382010,https://mebeli-salon.ru
5018179968,-
7811779800,-
2310221758,https://kcm.su
4705067442,https://colors-mebel.ru
2368010472,https://belorawood.com-bis.com
6685119541,-
6679034787,https://mebelny95.ru/ekaterinburg/magazin/31900
9724055160,-
3662284889,http://torgstoyka.ru/?ysclid=m4yfgh43mm840774409
7719425950,https://argomebel.ru/?ysclid=m4yfhdtdoj838792127
5032193594,https://ostav.ru/produkcia/?ysclid=m4yfhw6iy2251984623
7300000597,http://ulstul.ru
2311203536,http://eliv.ee
3307020877,http://sc-mebel.ru/about/?ysclid=m4yfijw3t4276863240
3123481395,https://synapsenet.ru/organizacii/1213100010166-ooo-kib
5012098046,https://gk-umicor.ru/?ysclid=m4yfkg02un637413628
6678033710,-
7104047101,https://avtkuhni.ru/
1655455755,https://focus.kontur.ru/entity?query=1211600025900
7802898381,https://star-pro.ru/proverka-kontragenta/organization/1217800122583--ooo-mebelnaya-fabrika-nadezhda
9204016277,https://mebel-compass.com
7724531760,https://www.trio.ru
7839126769,https://masterms.ru
5047212730,-
3905021147,"http://rossibbalt.ru
http://www.rossibbalt.ru"
3917014112,-
5039007670,-
5050129383,https://divanica.ru
7328035624,http://www.ramzes-ul.ru/index.php
3702227375,-
3328029359,-
3305802283,https://reputation.ru/ogrn/1223300000758
7452075692,http://bora74.ru/
7842501113,-
5050148763,https://gliver.ru
6681012075,-
7814792534,https://focus.kontur.ru/entity?query=1217800091684
3446041391,https://www.мебельнов-опт.рф
5837062019,-
4501210430,https://tenchat.ru/1164501056400
7802885760,-
2721169744,-
1224003070,-
2312000994,https://4nozhki.ru/bakaut/krasnodar/
7814809805,-
6163146374,https://fabricators.ru
5029231465,-
3702264962,https://visan-group.ru/?ysclid=m4ygjcdylj74024661
5803032016,https://optima-mebel.ru
5029265760,https://bossvell.clients.site/?ysclid=m4ygl7fc39403230972#about
6311186630,-
5027288297,-
6230094170,https://ryazan.cataloxy.ru/firms/ooo-pk-alyans.3714629_c.htm
1841098483,-
1840109478,-
5259153733,https://premium-mk.ru
7722368798,https://uspeh-salona.ru
7714463085,-
1215232892,-
7751207202,https://star-pro.ru/proverka-kontragenta/organization/1217700480161--ooo-ltd-grand
1200004188,http://kmk116.ru
7751168610,"http://www.pan-raspil.com
www.pan-raspil.com"
1841103172,-
7717768631,https://www.behelper247.ru/furnitures
4345468830,https://fabrikant.su
5803031083,https://pvsmebel.ru
6679144814,-
1655325883,https://shikmeb.ru
6683019277,https://akkord-mebel.com/
2130225175,https://artika-mebel.ru/?ysclid=m4yhs2i191570098539
1655457551,https://xfirm.ru/company/1655457551
7724340011,-
3329096911,https://movizor-info.ru/id/1286592
6449100675,https://perspektiva-mf.ru
7604365208,-
7743117266,https://f-poliver.ru/
5042157429,https://spektor-m.ru
5074027239,-
5501272082,-
7707445078,https://www.mebelstyle.ru
7725803103,-
5047253944,https://4d-constructor.ru/?ysclid=m4yi447odj856027492
4501194812,http://www.sm45.ru
2130066380,-
6324078505,https://site.birweb.1prime.ru/company-brief/10848087
7720752938,https://injust.pro/proverka/7720752938
7720511481,https://mebelioni.ru
4405007523,-
9715392480,https://star-pro.ru/proverka-kontragenta/organization/1207700428264--ooo-mezonet
6950112850,-
9703012790,https://grace-design.ru
5948995170,https://zolotoi-mebelshchik.ru
5027261658,-
1650280170,https://yarus-met.ru
7805723679,https://ленинградский-мебельный-завод.рф/kontaktyi
6230081848,-
6161023592,https://asktel.ru/rostov-donu/torgovoe_oborudovanie/izobretatel/
2465331471,-
7203390655,-
4028057879,-
9702024633,https://restoart.ru
5260220543,https://mettemplast-nn.pulscen.ru
6319242608,-
5078020386,-
7327094634,-
5017106170,-
7841492755,-
3245011750,http://www.mebel-ars.ru
6318014944,https://samara.mebel24you.ru
1831180435,-
7727428105,-
7203515880,"https://erga.su/
https://erga.su/homepage"
3666096572,-
9201524498,https://stlpride.ru/?ysclid=m4yiu28jfw388091348
1840099075,-
6685141917,-
7328110014,-
1841107314,https://sirius-mebel.com/?ysclid=m4yiwpnd6o454931936
5047246922,-
4705071343,-
1831203844,-
9724049832,http://www.brass-design.ru/galereja/mebel/mebel-pod-starinu/
5074076483,https://www.avrora-mebel.ru/contacts/where-to-buy/
6320053940,https://tekker.ru/catalog
2635244839,-
5053036218,-
9724048324,https://www.k-agent.ru/catalog/9724048324-1217700239635
5257208747,https://vbankcenter.ru/contragent/1225200018878?ysclid=m4yj81pp45337947131
0264077775,-
7801133848,-
3328027545,https://kronamebel.ru
6330054051,-
5040047188,https://topmebeltorg.ru/?ysclid=m4yjuda63u661013321
7811582828,
4501195037,
7329033570,
6671213030,
7814375724,http://tdricos.ru/
5836615768,http://mebel-ros.ru/
5257158454,
7328078804,
7627048621,
4427002582,
9729316827,
5003146286,
6143089350,
6679079509,
5256193720,https://tdstolicann.ru/
7726376736,
7726758816,https://akam-hpl.ru/
5042078030,-
5040128260,-
7806107295,https://lautore.ru/
0262035233,
7804675790,https://komplektstudio.ru/
7735163283,"http://inventprint.ru
http://in-vent.ru
https://rosinvent.com
https://vk.com/invent.private
http://instrument-invent.ru/
http://www.pg-invent.ru"
7816672994,-
7810923049,-
7743928137,https://www.met.ru/
6686127827,-
6320030862,-
3665112849,-
5407979702,-
2538149403,-
7720203159,https://laserstyle.ru/
5404503200,https://leoldetyam.ru/
6670345594,-
4345374029,-
2634095020,-
7716792039,-
5024196305,https://bdb-mebel.ru/
6452105970,http://www.mmkmebel.ru/
5837081364,"http://phoenix-penza.ru
https://phoenix-penza.ru"
7805778928,https://schwarzerstil.ru/
4706051156,-
5029203468,-
5042135016,-
7715442031,-
6684028919,https://advtehno.ru/
2543072932,-
5027260799,-
6230108031,http://kichline.ru/
7203513402,-
7604335468,-
7820069316,-
7813308394,http://www.stprofi.ru
7814801764,https://fortunamebel.site/
5027306250,-
6234178801,https://vita-rus.ru/
7743396387,-
5834128737,-
7448211857,-
7811638911,-
5031139594,https://ct-expo.ru/#services
0275927696,-
0571009248,-
7804621089,https://szpk78.ru/
7801361837,https://www.decorumdesign.ru/
5803032104,-
7604236160,-
9722019984,https://to-sit.ru/
2129023583,https://aeparta.ru/
1650386272,-
6163074218,https://superbarbus.ru/
5047065531,http://krasnamebel.ru/
2465346968,-
3811452155,-
7709610697,-
2221255378,-
5050123494,-
1200003843,-
6027194562,-
5032340344,-
7720851209,-
7706772315,https://svone.ru/
7714380978,-
4632180002,-
2901304520,https://pletenev.ru/
4345512381,https://feast-mebel.ru/
1841067855,-
5259042991,-
2364019315,-
9728034562,-
6679078329,https://staratel-company.su/
5012104540,https://fursamebel.ru/
5401950633,https://mebel-manufactory.ru/
3662271209,-
3328015243,https://dihall.ru/
2124046587,-
7839113350,https://kulthome.ru/
3015116719,-
7817028944,-
5424108889,-
5044119147,-
6382068023,-
6311191310,-
0268092534,https://tr-mebel.ru
5837070789,https://rikko-mebel.ru/
7713411670,https://www.pult-atlant.ru/
1903020472,https://mebel-market19.ru/
7453060956,https://viten-ooo-proizvodstvenno.orgs.biz/
5803016776,http://mebelpovolgia.ru/
3123369315,-
1831198619,-
5920028648,"http://www.toploft.pro
топлофт.рф"
7328088697,-
9729298053,-
0264066237,-
1656050247,-
5263134469,-
7801316591,-
7726259800,http://kvinton.com/
0264062095,http://smartymebel.ru
7430036516,-
7107133662,-
7801702004,http://www.laganaki.ru
5003129080,-
1828022862,http://www.topol.ru
5050108591,-
5042152460,-
4223129728,-
3665816482,-
3460072137,https://magic-kitchen.ru/
3905073434,https://salita-m.ru/
4632176976,https://logicclass.ru/
5038113789,-
3905038912,http://www.nimaxmebel.ru
2130175157,-
1832025721,-
7804462985,https://nt-welding.ru/
6732053410,https://aqualocker.ru/
6722033790,-
5403049625,-
5904142086,https://drevozdanie159.ru/
5401977794,-
7203304279,-
7602134614,-
7735523560,https://jazz-mebel.ru/
4345283734,-
6685039663,-
5017127928,https://vibe-mebel.ru/
6950140568,http://metrika-kuhni.ru/
7727402690,http://ecodes.ru/
7720670731,-
5030086597,-
4253052053,-
2361000034,-
3904069241,https://dedal-mebel.ru/
3702163700,-
7321011960,-
6168113735,-
5007087225,-
2224195487,-
9728064461,https://malacca.ru/
5837078361,-
6671001204,http://dolfin-mebel.ru/
0326003208,-
6141057650,https://mf-anna.ru/
1650178025,-
2224170228,-
7743659766,-
7204168149,https://stoff72.ru/
7714474880,-
7720633352,https://www.shortway.ru/
1660358490,-
7841082340,https://vikingmebelspb.ru/
5032335104,-
7017375667,-
7802569179,-
5044122661,"https://stanisferrum.ru/
https://stanisferrum.ru"
4825144804,-
5047259544,https://instagram.com/y.accent?igshid=8mcm9rq5f48d
2301086206,-
7703439789,-
2635215958,-
1839010700,http://чудодерево.рф
5038113926,"https://interior-mk.ru/
https://xn----jtbakilkzbq6i.xn--p1ai/"
3666259604,https://nemeton-mebel.ru/
3811441890,http://www.kuhni-driada.ru/
3661175735,-
7203468164,http://unitex.ru
7816717420,"http://www.adamant.ru
http://www.kiprino.ru"
1660195608,https://azamat-mebel.ru/
2130209504,https://mebelroom.shop/
1651064990,vekexpress.ru
5078023965,https://sky-high.su/
4401190123,http://eclat44.ru/
1650239729,-
7729487378,-
5047220522,-
1683005606,-
2310228111,https://a-rtel.com/
3441030621,-
5405287960,http://www.ovacia.org/
7743351481,https://669-00-11.ru/
2311221831,-
5038166068,https://els-profi.ru/
7451229808,-
7708350911,https://museum-stroy.ru/
7805727779,https://paolo-mebel.ru/
5040163508,-
5404257770,https://mebel-style.ru/
9701195026,https://mk-mercury.ru/
5024216093,-
5501180850,-
7801633985,https://anti-mebel.ru/
5075031284,https://kasomaria.ru/
7717156325,-
6732148479,-
7804136188,-
7811777464,https://vk.com/ridmebel
7328105303,-
7716861099,https://www.kohl-group.net/
0275086725,https://akcent-mebel.com/
6679094722,https://www.lovekuhnya.ru/
3307025120,-
4217164900,https://art-luxe.orgs.biz/
2222799885,-
5027122661,https://lms-service.ru/
5835126490,-
3906143821,-
2312207540,http://mf-nika.ru
7811156040,-
6729025822,https://lama-mebel.ru/
7704433684,-
7806530944,https://lyuks-m.orgs.biz/
9701144857,-
3525423900,-
5504137395,http://kuhni55-omsk.ru
7716598673,-
7801331952,corian812.ru
2464077060,https://krasmebel.ru/
3810332049,-
5614066002,-
2464128893,https://mbg24.ru/
7802592121,-
3015099012,https://kukhnistroy-s-ooo-mebelnyy-salon.orgs.biz/
7451344649,-
1831190987,-
6027179010,https://vk.com/furnituram
3460075642,-
6318068957,-
0274927012,-
1655401326,-
7726399042,-
7711041938,-
5258139327,https://xn--j1adeag.xn--p1ai/
9715357118,-
5001141116,https://ilikedesign.ru/
5904010650,http://mebel-prikamya.ru/
7730232529,-
5243035540,-
5401334730,https://artluxx.ru/
9722005928,-
2130202989,-
5027270356,-
5027300900,-
7727465749,https://zovindivid.ru/
3321035699,-
5032304850,-
7804691897,-
1215060548,https://viteks12.ru/
7107535146,-
7203481849,http://sedovmebel.ru
1435357590,https://tetimmebel.2gis.biz/
2723185276,-
7451450005,https://vk.com/public211437250
5259125430,https://diamond-meb.ru/
1215225503,https://ac12.ru/
3812089632,https://concept-irk.ru/
7017418889,http://престиж-комплект.рф
0274970890,-
7203488925,https://umz72.ru/
7716964665,-
5050138331,-
7714487865,-
7840445505,https://fiverays.ru/
4401148386,https://www.divanison.ru/
6143088283,-
1828014526,-
7816710583,-
3906989212,-
7805788450,-
1657265598,-
2308284045,https://kuhnidar.ru
7707437091,-
4205407771,https://newkids42.ru/
4312135071,-
2310216839,-
7811649254,-
7842065964,https://www.eko-forma.ru/
7816639490,http://golland.pro
1831157370,-
6686122811,https://arhitektor-mebeli.ru/
1216024542,-
6619019431,https://still-time.ru/
7814247497,https://interier-massiv.ru/
7727480345,-
7204125650,-
4205217322,http://академияуюта42.рф
7811688503,http://www.gustas-mebel.ru
1656120455,-
7813013760,-
0901024134,-
4632201407,-
4706042673,-
2462069843,-
2223966426,-
5258122725,http://www.vipkamen.ru
3459079593,-
2901245169,https://mebelon29.ru/
7623005384,https://snm-mebel.ru/
7720873114,http://www.massa-mebel.ru
3851993930,https://www.8marta.ru/
7842128734,-
7805783389,http://www.smart-interior-spb.ru/
6732196144,https://gut-geschaft.ru/
7707423532,-
7751512862,-
6165560044,https://mebelotfabrik.ru/sellers/fabrika-progress-don-rostov-na-donu
0572027909,https://qaudro-group.ru/
5250076185,-
2221220015,-
5029095935,https://topus.info/
7724835350,http://almer-a.ru
0273933550,-
5032335619,-
2543048369,http://www.kooken.ru
5050094187,-
6658535704,https://miamoretti.ru/policy
7735156857,-
1650408960,http://www.atomt.ru/
5803030876,https://илком.рф/
6683017390,https://akcent-mebel.com/
2464156851,-
9724025380,https://3dtema.pro/
7820082116,-
5047188251,-
9718169786,-
7811624588,https://www.sewer.ru/
6679122673,http://агорамебель.рф/
7811773237,https://nevalayn.ru/
7819038585,-
5640021294,https://www.anderssen.ru/about/contacts/?srsltid=AfmBOormt_RSHh9yRYvF0W60ivYZVB9kiF3cvOGF6ZYmz4Rm6WSYNlOL
5263127969,-
5829002922,http://comfort-mebelvl.ru/
5262380574,http://distile.ru
7733305567,https://korpusmaster.ru/
5261124440,https://dkmebel.com/
5032282533,https://www.mas-meb.ru/katalog-2/manufacturer/view/36
7802676766,-
7805791005,-
7725475212,-
4632291094,https://alfamebel16.ru/
6658421873,-
7805786090,-
7328085030,http://premiumsofa.ru
3525409568,https://fammm.ukit.me/
7734417873,-
3123476236,-
7805669252,https://mebelarmadio.ru/
5404068081,https://shkafella.ru/
6311187313,https://tomesa.ru/
6318042540,-
0275927343,https://kresla-e.ru/pokupatelyu/nashi-rekvizity/
3523024241,-
7843018540,https://rus-mbl.ru/
6686138025,https://laser-prof.ru/
5404521657,https://мксервис.рф/delivery
7814657817,-
1832122740,https://asmebel.com/
7604361450,-
7456020599,-
4414016404,https://mebel-troya.ru/
7802638129,https://ergo-spb.ru/
7804076771,-
7203453746,https://kronamebel.ru/
3849060911,-
6623130143,http://ametist-store.ru/
3702213647,https://klenmebel.ru/
7627049382,http://mexpanse.ru
5074063283,https://www.lesdvor.ru/showroom/
0277126155,-
7839097444,https://lider-mebel.ru/
6829018804,-
3662299003,-
7328088672,http://mebelstyle73.ru/
7203507409,https://aksel-mebelnyy-salon.orgs.biz/
2130148280,-
9724058410,-
6829002385,https://kronamebel.ru/
3123412955,https://mebel-77.com/
7017487755,-
7536161468,https://ais-mebelnaya-kompaniya-vs.orgs.biz/
6678054082,-
6230076439,https://www.museummaster.ru/
6671055070,https://4restcosmetics.ru/
7900000239,-
1001334047,-
1658198432,-
7708378515,-
5047195643,https://atlantmebel.com/
6678113757,-
3102041322,-
1657248024,https://loft-r.ru/store-equipment
5263101664,-
1659116312,http://www.mklista.ru
7451454345,-
5948062078,https://www.mebel-start.ru/
3128029048,https://bacio.ru/
6952312967,-
9728038937,http://prof-mebel.com/
5018212380,https://tutkresla.ru/contacts/?srsltid=AfmBOoqRpJQO6iX-41o6vDHLPnc3Tr365mFNEHY254y4CpKWGISEhMkl
7205012225,https://ic-mebel.ru/
7722312812,http://zov-russia.ru
3811475071,"https://vk.com/gustospb
http://www.buongusto-krsk.ru
https://gustogastrobar.com"
7732014981,http://www.alexiko.ru/
2465089990,https://avantage-fm.ru/
7801680551,санкт-мебель.рф
1841096101,http://xn----8sbaijcub8a0aenq4b5l.xn--p1ai
2130189343,-
1435322291,-
7325162078,-
5036133652,http://www.akames.ru/
7810671176,https://for-trade.ru/
7806221270,https://sztm.spb.ru/
6829125524,-
7814803377,https://ennio-furniture.com
7802926303,-
5246045339,-
2503033895,-
3102051560,-
0326502292,-
5044111028,-
5031129518,-
6165186478,-
7453235042,-
9703031150,-
4003029781,"http://pinskdrev.ru
http://www.pinskdrevpiter.ru"
7702804862,http://idcollection.ru
9718192947,
5050153996,
6678079520,
6731080877,
9729273147,
7751226438,"https://swst.ru/
https://goodlakk.ru/
http://swst.ru"
7722346360,
9729257314,
7723437003,
9725084004,
7724496072,
4003034020,http://anrex.info/
7743336807,
7718934779,
5257200917,
7729755482,http://brw.ru
6163105360,
7838103279,
7730518581,
5050134143,
7726630372,https://www.metmebel.ru/
5405417401,
4027143324,
3435117056,
6670417312,https://www.ekrom.ru/
9718190210,
9725019090,
5405417377,
6678089470,
7716895475,
0278964583,http://www.dveri-rb.ru
7805656542,
7724761637,
3257064700,
7325118449,http://nt73.ru
9721040609,
7727168062,
7804457093,
5027308916,
7743046488,
5047259713,http://titangs.ru
7720617463,
7805723157,
9728060072,
7710694444,http://www.charlescameron.ru
7734425264,
7724379266,
7736340270,
1616028301,http://www.mebelter.ru
7604291676,
3905605488,http://inhaus-kaliningrad.ru
9731073106,
9703044382,
2311082715,
3525116466,
2465083500,
5047264382,
6671163580,http://stil-mebel.com
7806569571,
9718021557,
7814808382,
7733379390,
9703035821,
7448220097,
9718183452,
7448226148,
7802925042,
2221256830,
1900004715,
4826102050,
4205308280,
7724388447,
3245007619,
7810906396,
6678108002,
5036176180,https://hypermarketmebel.ru/about/
3245020257,
7704798685,
3666261699,
6315642316,https://skifmusic.ru
7702644016,
6452120939,https://dobrieceni.ru/
3661179176,
5905062732,
1660338253,
6319202130,
5403351466,
7722382665,
7810947459,
5406811746,
7751230547,
9723112305,
7448225708,
5403073593,
5402070303,
7714847853,
5406978270,
5262375510,
2463116214,
5505056526,
5027239204,
2721243483,
5248044316,
7814455377,http://mebelspb.su/
5262330245,http://www.spmozaika.ru
7814808061,
2016005079,
2465345940,
9704025110,
7816729954,
5027249072,
7224080453,
6670506724,
7726457030,
5024210052,
5403043285,
7734433032,
7714426502,
2014021036,
7734456583,https://lazzoni-russia.ru/
8601069393,
3329080661,
3245008161,
7840099630,
2312309214,
1659167130,
7453326405,
9703061194,
6321383356,www.архитектория.рф
7104085234,
9723128351,
7813404122,
7804570500,
6686047610,
5003100404,
5029240861,
7716951017,
6678102113,
5023006640,
7743370004,
6234152218,
9704153296,
6674382371,"https://torg96.ru
http://torg96.ru"
7838050838,
3811046097,
7713746186,
5410046079,
7720354214,
7730245006,
3662206249,
7734444563,
7729779170,
3810083392,
5012056021,
5027307060,
5027239211,
5001132506,
4705070276,
7733377829,
6316217226,
6319185300,
6324116084,
5259154222,
7743390868,
6320055592,
7705906380,
2807009164,
5404264054,
6319245020,
7703695937,
4346004060,
7709463876,
2724244319,
7017425519,
5032301761,
6658551576,
5018180586,
5837079439,
7721854393,
3662283814,
1650225476,http://chelnyhoreca.ru
4223124769,http://malitta.ru
7714399665,
7806598614,
6658464250,
7814562114,
7838350670,
6670424430,
2312305650,
4223029561,
7729078544,
7805676676,http://www.bazamebel.ru
7729453308,
3245020190,
6658433406,
4205288299,http://intekomebel.ru/
2801235495,
5074073066,
7733189208,
5406820500,
7703413734,
1616031015,
5044095489,
6316274601,
5904028136,
9710010514,
9723139593,
6316201924,
5262321811,
1328903157,
7804694792,
7724420933,http://пластикакрил.рф
5024172840,
3661075762,
3814018066,
7810945187,
6141056014,
5261095246,
3702114830,
4217186414,
6143098740,
6025049714,
5611084677,http://roomsee.ru
5259101372,
9724070714,
7806576988,
7726408530,
2310218723,
7703599888,
6678115240,
2301091654,http://mebel-mk.ru
2311326023,
0278934282,
9724054945,
0107027245,
7802819510,
0910004053,
9706002038,
2312215870,
6670413220,
9705150308,
1657243107,
7804055700,
7735150196,
3665811822,
4205164494,
2703100309,
7724393912,
7705863619,
0276918486,www.yamaguchi.ru
9724034875,
5036170069,
6732120522,
7814810769,
7452146576,
7715772907,
7716662470,
7716774449,
7731206176,
7714476408,
2543110426,
5024212317,
5032223834,
4501012090,
5190408490,
5260391147,
9709072530,
6166125990,
7806540237,
7730283121,
7727426838,
6116010792,
2465165129,
7203268630,
7820082194,
6658464073,
7814807942,
7806152731,
5077023948,
7203542435,
6682017453,
7726470873,
7720870850,
2311301195,https://kerama-mane.ru/
5262330647,www.electra.ru
2014022008,
7447251945,
7709940208,
3245020169,
7720861077,
0276965736,
7743844631,
7726732350,
7813608380,
5254487517,
5024226359,
7722823609,
2223606303,
7733379400,
5404313689,https://13chairs.ru/
6679024531,
2463256109,"http://www.sleepkaif.ru
https://sleepkaif.ru"
3906396090,http://nordihome.ru
1650386642,
2369009166,
6950153912,
2539091940,http://фп25.рф
9725034074,
5258117370,
1650338198,
7743927750,"https://itsinterior-kitchenenamel.ru/page19697736.html?ysclid=lcot5qdxlf159655528
https://itsinterior-kitchenplastic.ru/"
9723132284,
5407495187,http://www.sumrakoff.ru
7017494745,
9724069660,
9717114657,
7813185819,
3906405481,
5024222548,
7720485009,
0277922157,
6679155118,
5609084454,
1657263551,
2311201970,http://mebel-hotels.ru
6658339146,
6658357272,
7718078750,
2031000942,
2312264281,
5045051519,
0245963094,
9715222625,
5447107225,
7728790205,
7736655979,https://www.umbrellak.ru/
7734432102,
5032202640,
2511118581,
7713487196,
4703138338,
5050101571,
7751184812,
2806009475,
9200008807,
0326538732,
7806594930,
5044099349,
6315023771,
7604299040,
9726022900,http://www.callipso.ru
7811736764,
7736334566,
7017139067,
7708823766,
4502017358,
2129054976,
9723168604,
6686126615,
5920045227,
4706044511,
7452096445,http://www.mebel-city74.ru
7730194190,
5404057097,
5021000057,http://юалекс.рф
7715947177,
0274956863,
5911077663,
6950047128,
4345415853,
6658355412,
2537139106,
6164029514,
3662172215,
7801686634,
9729266407,
7751223081,
5260367088,
5024144265,
5260036061,
3906270033,
2539051714,https://vk.com/vittoria_felice
7743266194,
7731454965,
9725073669,
2628046057,
9709041275,
6901028370,
7714874110,
7720855228,
7814786442,
3814016573,
5032309288,http://www.asmart-group.ru
4501193174,
6318032630,
3906260236,
7733355670,
7801588669,"www.era-dg.ru
http://www.era-dg.ru"
7701982566,https://arredocarisma.com/
5044109660,
7714868540,
2460241190,
9704128388,
7017213810,
7813657660,
7733717659,
3460009174,
5320022965,
4205396671,
2635068284,zhile-comfort.ru
7116510469,
7709322160,
5904346957,
6686021570,
7731429790,
3245010770,
3849088681,
3445106423,
5403044063,
2311260774,
7810887827,
6671091568,
5044114244,
9717102852,
7840041090,
4345519972,https://gradushaus.ru/
6937005136,
2721244208,
3849036228,
2462206497,http://www.slm24.ru
2801267585,
5408004547,
7719620550,
5007109574,
3329100124,https://upliti.ru/
2312209428,
7536030592,престиж-офис.рф
7717031492,
6167136063,
7734673161,
4501100081,
5260370370,
7802731174,
5614083103,
4027125727,
7841487385,
7814808262,http://armos-market.ru
6330072300,
1435117736,
7726594639,
0326544341,
2130229726,
7811635043,
7743204529,
1831154611,
0816041516,
7813612933,
6451015201,
9709064145,https://brooklyn.kitchen/
2311214344,
9723062728,
5047167653,
3702251642,
7735192809,
1655284796,https://instagram.com/myakish_rf
7715989378,
7328062219,
7448184378,
7453210256,
6732224360,
7743898450,
9302009790,
5433977652,
6658556084,
1648046529,
2309172947,
5904376366,
4345367374,
3328019664,
3016057632,
4205355700,https://xn--90agbb4aclh7c8d.xn--p1ai/
7801516431,
2461225070,
7805716015,
6453153006,
7734406279,
2632082280,
1326196664,http://nahodka.org
7701571397,
7017440108,http://fakel.tomsk.ru
7720408276,https://nice-office.ru/
7703676660,
7839124874,
5118005570,
4826136690,"https://www.mrdoors.ru
http://www.mrdoors.ru"
7802884188,
2630042980,
7820059653,
3662297824,
5040137297,
9715324176,
5507272508,
7726463097,
5263125707,http://www.mebbery.ru
2130123007,
9709048672,
3460078844,mirtepla34.ru
3915013547,
7816518230,
5836661884,
4100041495,
7810914870,
5408021983,
7415084177,
5404506585,
3661178704,
6950038860,
7804537454,
7802575133,
5047260116,
5035038205,
2308287991,
1435356597,
7719192720,https://xn----7sbabaiy0bgp0ckn.xn--p1ai/
1631010073,
2308224173,
2543161090,
7723401350,
9704013933,
5029204687,
7720856768,
7713447436,https://mebelapteki.ru/
7802564950,
2536274543,
0264071357,
2465324925,"www.aristo.ru
https://aristo-krasnoyarsk.ru/"
2464140643,
5609174605,
7720294854,
1433012495,
2443036948,
5503082859,
1701056331,
2014253968,
7743782713,
7811743708,
6684028468,
5031143939,
7811534863,
2465268861,https://www.instagram.com/commodeplus
7725677770,https://topmarka1.ru/
9725040536,
5944061877,
7743364265,
5029153680,
5261129953,
7726743626,
2460250726,http://urbanforms.ru
2100000544,
0603004365,
4205400840,
5018183700,https://mebelny-dom.com
2312124157,
7719883816,
6827029381,
2464154004,
7719744717,
7719829537,
5260442715,
9725053221,
7901019088,
7804569544,
7104082321,
3906401381,
7735568868,
7106530018,
3917056899,
3702248248,
9709031911,
7728365585,
7734692823,https://www.dialelectro.ru/
6453128151,
9102282287,
7810680808,
7451392956,
7203534160,
3123160539,
2222870249,
7728882640,
0726021272,
3702266053,
9701013460,http://www.mik-snab.su
7751049323,http://geniuspark.ru
7802842893,
7730202965,https://vsekuhni.ru/
6679032370,
6623101248,
7811760090,
4501220325,
1657133513,
7802520007,
2465231477,
7816684005,
2723215001,
2635096041,
1658227122,
5001046624,
6136010511,
6725032233,
5249164599,
6311111120,
5902035674,http://lifestyleshowroom.ru
7743705420,
4401094275,
5404091637,
5257208610,
3662181900,
3906407369,
6685167150,
2723188100,
5032328393,
5834127268,
7841098766,
7814757547,
0814079426,
5838041251,
5047263438,
7452145533,http://furnitura-m6.ru/
5016018517,http://www.verona-mobili.ru/
5638079522,
3525403534,
3408007632,
7820070664,
2310210690,
7602152540,
7814795060,
6233007169,
2311323544,
3702735153,
5261125959,
7103046514,
7536147640,
7728472523,
5047178398,
5904289515,
7813620878,
4246021329,
7536140436,
5612163642,
4400007713,
7203308354,
7203420927,https://alpina-market.ru/
5402038540,
5047261085,
7017447865,http://hilding-anders.ru
7708724532,
2540228483,
2311231332,
7604384088,"https://vk.com/kuhnizovsarov
https://vk.com/zovmur51"
7106043134,
7716864170,
0268093538,
2223630200,
2635249499,
6166124770,http://kuhdesign.ru
7733812302,
3525431154,
7203330769,
3525400413,
1684004154,
2315160435,
6678086983,
7713766619,http://stabmart.ru
4826038213,
3627030419,
9729320654,
7743660666,
3123479244,
7801310889,
3702720083,
3329078976,
5190191110,
1841079138,
0278931524,
1224000930,
7714806568,
5260371888,
1435356452,
7838103945,
5403062552,
7723887429,
7603071300,
7328089267,
5024220646,
4707019282,
5834127719,
9722022049,
6670506072,
5262262130,
5636022619,
6163096934,
5022069975,
9731017292,
4501167590,https://lesnoezoloto.ru/
6679127745,
7805569956,
6450113573,
7814790953,
0268077166,
6658345830,
5408275748,
0275081572,http://oazis-meb.ru
3460064150,
4205291936,
1327034761,
7449139787,
7610121104,
7734436925,
6949114330,
1435189434,
3102050687,
7805467908,
2312169479,
6027209096,
9731048565,
5321159803,
6449067940,
6623137244,
5003151818,
6659098616,
7447293744,https://www.instagram.com/modniydom174
5837018958,
0276158884,
1832152529,
7327071450,
5903999488,
0608055846,
7728324677,
2010009895,
6672352639,http://kazan.mebel-hol.ru
3305711903,
3528215151,
9701154559,
3257036741,
7733736845,
7841307755,
7813664145,
2130233063,
6454132506,
2204067102,
6625063929,
3123478346,
7820076610,
5256173139,
7733283659,
4501231020,
5258145514,
8601033005,
5504157120,
2363001530,
4341002069,
7726661437,
7718626012,
2533016858,
4909120045,
9701066045,
7722357884,
5905071173,
5040144600,
6679073899,
4826142912,
9702015893,
1655238623,
5401995955,
7452153171,
1647017677,
5752076541,
3905055080,
7703793395,
5403029643,
7730199092,
2312309310,
7326051116,
7801711390,
2634109918,
6324001943,
7203258103,http://marimebel72.ru
6027189354,
4703177457,
6671155236,
7714844933,
2312310259,
7718883997,
2320211808,
6321451006,
7326032353,
5424950848,
7802738772,
6725019507,
6318057465,
1674000665,
5614083512,
6230098922,
7720791687,
7702394197,
3851017303,
5246031054,
6316278490,
4205405132,
1327021603,
3663153381,
6658522575,
5047170920,
3662280732,
5406575658,
4705037744,